<?xml version="1.0" encoding="UTF-8"?>
<beans xmlns="http://www.springframework.org/schema/beans"
	xmlns:xsi="http://www.w3.org/2001/XMLSchema-instance"
	xmlns:context="http://www.springframework.org/schema/context"
	xmlns:mvc="http://www.springframework.org/schema/mvc"
	xsi:schemaLocation="http://www.springframework.org/schema/beans http://www.springframework.org/schema/beans/spring-beans.xsd
		http://www.springframework.org/schema/context http://www.springframework.org/schema/context/spring-context-4.3.xsd
		http://www.springframework.org/schema/mvc http://www.springframework.org/schema/mvc/spring-mvc-4.3.xsd">
	<context:component-scan base-package="springwork.controller"></context:component-scan>
	
	<bean id="JspviewResolver"
	      class="org.springframework.web.servlet.view.UrlBasedViewResolver">
	      <property name="viewClass" value="org.springframework.web.servlet.view.JstlView" />
	      <property name="prefix" value="/WEB-INF/views/" />
	      <property name="suffix" value=".jsp" />
	</bean>
	
	<mvc:resources mapping="/resources/**" location="/resources/" />
	<mvc:annotation-driven></mvc:annotation-driven>
	
	
</beans>
